BEGIN TRANSACTION;
CREATE TABLE child_table (ID INTEGER PRIMARY KEY AUTOINCREMENT NOT NULL, Desconto REAL, Data DATE, ProdutoID INTEGER NOT NULL, FOREIGN KEY (ProdutoID) REFERENCES random_table(ID));
INSERT INTO "child_table" VALUES(1,8.0,'2022-09-17 17:11:50.874960',3);
INSERT INTO "child_table" VALUES(2,7.0,'2022-09-17 17:11:50.880955',18);
INSERT INTO "child_table" VALUES(3,20.0,'2022-09-17 17:11:50.886951',1);
INSERT INTO "child_table" VALUES(4,11.0,'2022-09-17 17:11:50.891948',19);
INSERT INTO "child_table" VALUES(5,24.0,'2022-09-17 17:11:50.897945',11);
INSERT INTO "child_table" VALUES(6,12.0,'2022-09-17 17:11:50.903941',12);
INSERT INTO "child_table" VALUES(7,8.0,'2022-09-17 17:11:50.908938',20);
INSERT INTO "child_table" VALUES(8,15.0,'2022-09-17 17:11:50.914935',2);
INSERT INTO "child_table" VALUES(9,4.0,'2022-09-17 17:11:50.919931',20);
INSERT INTO "child_table" VALUES(10,2.0,'2022-09-17 17:11:50.925927',18);
INSERT INTO "child_table" VALUES(11,20.0,'2022-09-17 17:11:50.931924',1);
INSERT INTO "child_table" VALUES(12,2.0,'2022-09-17 17:11:51.012873',19);
INSERT INTO "child_table" VALUES(13,20.0,'2022-09-17 17:11:51.019869',9);
INSERT INTO "child_table" VALUES(14,20.0,'2022-09-17 17:11:51.081832',6);
INSERT INTO "child_table" VALUES(15,16.0,'2022-09-17 17:11:51.087827',11);
INSERT INTO "child_table" VALUES(16,20.0,'2022-09-17 17:11:51.093823',12);
INSERT INTO "child_table" VALUES(17,2.0,'2022-09-17 17:11:51.100818',18);
INSERT INTO "child_table" VALUES(18,14.0,'2022-09-17 17:11:51.105816',3);
INSERT INTO "child_table" VALUES(19,10.0,'2022-09-17 17:11:51.111812',17);
INSERT INTO "child_table" VALUES(20,3.0,'2022-09-17 17:11:51.117808',4);
INSERT INTO "child_table" VALUES(21,16.0,'2022-09-17 17:11:51.132799',16);
INSERT INTO "child_table" VALUES(22,9.0,'2022-09-17 17:11:51.151787',1);
INSERT INTO "child_table" VALUES(23,19.0,'2022-09-17 17:11:51.157784',17);
INSERT INTO "child_table" VALUES(24,14.0,'2022-09-17 17:11:51.165779',13);
INSERT INTO "child_table" VALUES(25,1.0,'2022-09-17 17:11:51.174773',9);
INSERT INTO "child_table" VALUES(26,11.0,'2022-09-17 17:11:51.182768',1);
INSERT INTO "child_table" VALUES(27,12.0,'2022-09-17 17:11:51.188764',6);
INSERT INTO "child_table" VALUES(28,5.0,'2022-09-17 17:11:51.204754',15);
INSERT INTO "child_table" VALUES(29,9.0,'2022-09-17 17:11:51.214748',4);
INSERT INTO "child_table" VALUES(30,22.0,'2022-09-17 17:11:51.220744',2);
CREATE TABLE copy_table (
        ID INTEGER PRIMARY KEY AUTOINCREMENT NOT NULL,
        Produto TEXT,
        Valor REAL,
        Data DATE,
        Vendido BIT NOT NULL);
INSERT INTO "copy_table" VALUES(1,'Teclado',97.0,'2022-09-17 17:10:46.015784',0);
INSERT INTO "copy_table" VALUES(2,'Monitor',92.0,'2022-09-17 17:10:46.021780',0);
INSERT INTO "copy_table" VALUES(3,'Monitor',67.0,'2022-09-17 17:10:46.071748',1);
INSERT INTO "copy_table" VALUES(4,'Mouse',60.0,'2022-09-17 17:10:46.085740',0);
INSERT INTO "copy_table" VALUES(5,'Mouse',85.0,'2022-09-17 17:10:46.097734',1);
INSERT INTO "copy_table" VALUES(6,'Mouse',51.0,'2022-09-17 17:10:46.107727',1);
INSERT INTO "copy_table" VALUES(7,'Monitor',56.0,'2022-09-17 17:10:46.119720',1);
INSERT INTO "copy_table" VALUES(8,'Teclado',56.0,'2022-09-17 17:10:46.131711',1);
INSERT INTO "copy_table" VALUES(9,'Teclado',75.0,'2022-09-17 17:10:46.149700',1);
INSERT INTO "copy_table" VALUES(10,'Teclado',70.0,'2022-09-17 17:10:46.218658',1);
INSERT INTO "copy_table" VALUES(11,'Monitor',58.0,'2022-09-17 17:10:46.245643',1);
INSERT INTO "copy_table" VALUES(12,'Teclado',82.0,'2022-09-17 17:10:46.253636',0);
INSERT INTO "copy_table" VALUES(13,'Teclado',85.0,'2022-09-17 17:10:46.264629',0);
INSERT INTO "copy_table" VALUES(14,'Mouse',69.0,'2022-09-17 17:10:46.280621',0);
INSERT INTO "copy_table" VALUES(15,'CPU',69.0,'2022-09-17 17:10:46.293611',1);
INSERT INTO "copy_table" VALUES(16,'Monitor',83.0,'2022-09-17 17:10:46.304606',0);
INSERT INTO "copy_table" VALUES(17,'Teclado',60.0,'2022-09-17 17:10:46.316597',0);
INSERT INTO "copy_table" VALUES(18,'Mouse',59.0,'2022-09-17 17:10:46.322592',1);
INSERT INTO "copy_table" VALUES(19,'Monitor',76.0,'2022-09-17 17:10:46.337584',0);
INSERT INTO "copy_table" VALUES(20,'Mouse',88.0,'2022-09-17 17:10:46.345579',0);
INSERT INTO "copy_table" VALUES(21,NULL,97.0,'2022-09-17 17:10:46.015784',0);
INSERT INTO "copy_table" VALUES(22,NULL,60.0,'2022-09-17 17:10:46.085740',0);
INSERT INTO "copy_table" VALUES(23,NULL,85.0,'2022-09-17 17:10:46.097734',1);
INSERT INTO "copy_table" VALUES(24,NULL,51.0,'2022-09-17 17:10:46.107727',1);
INSERT INTO "copy_table" VALUES(25,NULL,56.0,'2022-09-17 17:10:46.131711',1);
INSERT INTO "copy_table" VALUES(26,NULL,75.0,'2022-09-17 17:10:46.149700',1);
INSERT INTO "copy_table" VALUES(27,NULL,70.0,'2022-09-17 17:10:46.218658',1);
INSERT INTO "copy_table" VALUES(28,NULL,82.0,'2022-09-17 17:10:46.253636',0);
INSERT INTO "copy_table" VALUES(29,NULL,85.0,'2022-09-17 17:10:46.264629',0);
INSERT INTO "copy_table" VALUES(30,NULL,69.0,'2022-09-17 17:10:46.280621',0);
INSERT INTO "copy_table" VALUES(31,NULL,69.0,'2022-09-17 17:10:46.293611',1);
INSERT INTO "copy_table" VALUES(32,NULL,60.0,'2022-09-17 17:10:46.316597',0);
INSERT INTO "copy_table" VALUES(33,NULL,59.0,'2022-09-17 17:10:46.322592',1);
INSERT INTO "copy_table" VALUES(34,NULL,88.0,'2022-09-17 17:10:46.345579',0);
CREATE TABLE "old_table"(
  ID INT,
  Produto TEXT,
  Valor REAL,
  Data NUM,
  Vendido NUM
);
INSERT INTO "old_table" VALUES(1,'Teclado',97.0,'2022-09-17 17:10:46.015784',0);
INSERT INTO "old_table" VALUES(2,'Monitor',92.0,'2022-09-17 17:10:46.021780',0);
INSERT INTO "old_table" VALUES(3,'Monitor',67.0,'2022-09-17 17:10:46.071748',1);
INSERT INTO "old_table" VALUES(4,'Mouse',60.0,'2022-09-17 17:10:46.085740',0);
INSERT INTO "old_table" VALUES(5,'Mouse',85.0,'2022-09-17 17:10:46.097734',1);
INSERT INTO "old_table" VALUES(6,'Mouse',51.0,'2022-09-17 17:10:46.107727',1);
INSERT INTO "old_table" VALUES(7,'Monitor',56.0,'2022-09-17 17:10:46.119720',1);
INSERT INTO "old_table" VALUES(8,'Teclado',56.0,'2022-09-17 17:10:46.131711',1);
INSERT INTO "old_table" VALUES(9,'Teclado',75.0,'2022-09-17 17:10:46.149700',1);
INSERT INTO "old_table" VALUES(10,'Teclado',70.0,'2022-09-17 17:10:46.218658',1);
INSERT INTO "old_table" VALUES(11,'Monitor',58.0,'2022-09-17 17:10:46.245643',1);
INSERT INTO "old_table" VALUES(12,'Teclado',82.0,'2022-09-17 17:10:46.253636',0);
INSERT INTO "old_table" VALUES(13,'Teclado',85.0,'2022-09-17 17:10:46.264629',0);
INSERT INTO "old_table" VALUES(14,'Mouse',69.0,'2022-09-17 17:10:46.280621',0);
INSERT INTO "old_table" VALUES(15,'CPU',69.0,'2022-09-17 17:10:46.293611',1);
INSERT INTO "old_table" VALUES(16,'Monitor',83.0,'2022-09-17 17:10:46.304606',0);
INSERT INTO "old_table" VALUES(17,'Teclado',60.0,'2022-09-17 17:10:46.316597',0);
INSERT INTO "old_table" VALUES(18,'Mouse',59.0,'2022-09-17 17:10:46.322592',1);
INSERT INTO "old_table" VALUES(19,'Monitor',76.0,'2022-09-17 17:10:46.337584',0);
INSERT INTO "old_table" VALUES(20,'Mouse',88.0,'2022-09-17 17:10:46.345579',0);
CREATE TABLE random_table(ID INTEGER PRIMARY KEY AUTOINCREMENT NOT NULL, Produto TEXT, Valor REAL, Data DATE, Vendido BIT NOT NULL);
INSERT INTO "random_table" VALUES(1,'Teclado',97.0,'2022-09-17 17:10:46.015784',0);
INSERT INTO "random_table" VALUES(3,'Monitor',67.0,'2022-09-17 17:10:46.071748',1);
INSERT INTO "random_table" VALUES(4,'Mouse',60.0,'2022-09-17 17:10:46.085740',0);
INSERT INTO "random_table" VALUES(5,'Mouse',85.0,'2022-09-17 17:10:46.097734',1);
INSERT INTO "random_table" VALUES(9,'Teclado',75.0,'2022-09-17 17:10:46.149700',1);
INSERT INTO "random_table" VALUES(10,'Teclado',70.0,'2022-09-17 17:10:46.218658',1);
INSERT INTO "random_table" VALUES(12,'Teclado',82.0,'2022-09-17 17:10:46.253636',0);
INSERT INTO "random_table" VALUES(13,'Teclado',85.0,'2022-09-17 17:10:46.264629',0);
INSERT INTO "random_table" VALUES(14,'Mouse',69.0,'2022-09-17 17:10:46.280621',0);
INSERT INTO "random_table" VALUES(15,'CPU',69.0,'2022-09-17 17:10:46.293611',1);
INSERT INTO "random_table" VALUES(16,'Monitor',83.0,'2022-09-17 17:10:46.304606',0);
INSERT INTO "random_table" VALUES(17,'Teclado',60.0,'2022-09-17 17:10:46.316597',0);
INSERT INTO "random_table" VALUES(19,'Monitor',76.0,'2022-09-17 17:10:46.337584',0);
INSERT INTO "random_table" VALUES(20,'Mouse',88.0,'2022-09-17 17:10:46.345579',0);
INSERT INTO "random_table" VALUES(21,'CPU',91.0,'2022-09-03 16:26:28.564400',1);
INSERT INTO "random_table" VALUES(22,'CPU',120.0,'2022-09-03 16:26:28.564400',0);
INSERT INTO "random_table" VALUES(28,NULL,120.0,'2022-09-03 16:26:28.564400',0);
DELETE FROM "sqlite_sequence";
INSERT INTO "sqlite_sequence" VALUES('random_table',28);
INSERT INTO "sqlite_sequence" VALUES('child_table',30);
INSERT INTO "sqlite_sequence" VALUES('copy_table',34);
COMMIT;
