BEGIN TRANSACTION;
CREATE TABLE child_table (ID INTEGER PRIMARY KEY AUTOINCREMENT NOT NULL, Desconto REAL, Data DATE, ProdutoID INTEGER NOT NULL, FOREIGN KEY (ProdutoID) REFERENCES random_table(ID));
INSERT INTO "child_table" VALUES(1,3.0,'2022-09-17 19:21:01.146736',16);
INSERT INTO "child_table" VALUES(2,0.0,'2022-09-17 19:21:01.151733',18);
INSERT INTO "child_table" VALUES(3,14.0,'2022-09-17 19:21:01.157731',18);
INSERT INTO "child_table" VALUES(4,9.0,'2022-09-17 19:21:01.183712',1);
INSERT INTO "child_table" VALUES(5,1.0,'2022-09-17 19:21:01.188709',19);
INSERT INTO "child_table" VALUES(6,14.0,'2022-09-17 19:21:01.193706',2);
INSERT INTO "child_table" VALUES(7,22.0,'2022-09-17 19:21:01.199702',17);
INSERT INTO "child_table" VALUES(8,12.0,'2022-09-17 19:21:01.205699',6);
INSERT INTO "child_table" VALUES(9,2.0,'2022-09-17 19:21:01.211696',19);
INSERT INTO "child_table" VALUES(10,20.0,'2022-09-17 19:21:01.216691',8);
INSERT INTO "child_table" VALUES(11,14.0,'2022-09-17 19:21:01.243675',15);
INSERT INTO "child_table" VALUES(12,21.0,'2022-09-17 19:21:01.287648',6);
INSERT INTO "child_table" VALUES(13,0.0,'2022-09-17 19:21:01.293644',13);
INSERT INTO "child_table" VALUES(14,18.0,'2022-09-17 19:21:01.299640',3);
INSERT INTO "child_table" VALUES(15,13.0,'2022-09-17 19:21:01.305636',8);
INSERT INTO "child_table" VALUES(16,22.0,'2022-09-17 19:21:01.312633',16);
INSERT INTO "child_table" VALUES(17,7.0,'2022-09-17 19:21:01.317629',15);
INSERT INTO "child_table" VALUES(18,11.0,'2022-09-17 19:21:01.323625',17);
INSERT INTO "child_table" VALUES(19,0.0,'2022-09-17 19:21:01.329621',17);
INSERT INTO "child_table" VALUES(20,8.0,'2022-09-17 19:21:01.335618',16);
INSERT INTO "child_table" VALUES(21,14.0,'2022-09-17 19:21:01.341614',6);
INSERT INTO "child_table" VALUES(22,17.0,'2022-09-17 19:21:01.362601',7);
INSERT INTO "child_table" VALUES(23,1.0,'2022-09-17 19:21:01.368597',16);
INSERT INTO "child_table" VALUES(24,19.0,'2022-09-17 19:21:01.384587',4);
INSERT INTO "child_table" VALUES(25,23.0,'2022-09-17 19:21:01.390584',4);
INSERT INTO "child_table" VALUES(26,8.0,'2022-09-17 19:21:01.395581',3);
INSERT INTO "child_table" VALUES(27,11.0,'2022-09-17 19:21:01.405578',2);
INSERT INTO "child_table" VALUES(28,11.0,'2022-09-17 19:21:01.411571',8);
INSERT INTO "child_table" VALUES(29,3.0,'2022-09-17 19:21:01.421565',19);
INSERT INTO "child_table" VALUES(30,2.0,'2022-09-17 19:21:01.427560',13);
CREATE TABLE copy_table (
        ID INTEGER PRIMARY KEY AUTOINCREMENT NOT NULL,
        Produto TEXT,
        Valor REAL,
        Data DATE,
        Vendido BIT NOT NULL);
INSERT INTO "copy_table" VALUES(1,'Teclado',94.0,'2022-09-17 19:19:52.735882',0);
INSERT INTO "copy_table" VALUES(2,'Teclado',68.0,'2022-09-17 19:19:52.740877',0);
INSERT INTO "copy_table" VALUES(3,'Monitor',50.0,'2022-09-17 19:19:52.785850',1);
INSERT INTO "copy_table" VALUES(4,'Mouse',62.0,'2022-09-17 19:19:52.848811',0);
INSERT INTO "copy_table" VALUES(5,'Monitor',74.0,'2022-09-17 19:19:52.858805',1);
INSERT INTO "copy_table" VALUES(6,'Mouse',63.0,'2022-09-17 19:19:52.869798',0);
INSERT INTO "copy_table" VALUES(7,'CPU',96.0,'2022-09-17 19:19:52.879792',0);
INSERT INTO "copy_table" VALUES(8,'Mouse',91.0,'2022-09-17 19:19:52.888786',0);
INSERT INTO "copy_table" VALUES(9,'CPU',55.0,'2022-09-17 19:19:52.899780',0);
INSERT INTO "copy_table" VALUES(10,'CPU',64.0,'2022-09-17 19:19:52.909773',1);
INSERT INTO "copy_table" VALUES(11,'Teclado',97.0,'2022-09-17 19:19:52.924764',1);
INSERT INTO "copy_table" VALUES(12,'Mouse',89.0,'2022-09-17 19:19:52.932760',0);
INSERT INTO "copy_table" VALUES(13,'Teclado',51.0,'2022-09-17 19:19:52.938754',0);
INSERT INTO "copy_table" VALUES(14,'Teclado',96.0,'2022-09-17 19:19:52.943751',0);
INSERT INTO "copy_table" VALUES(15,'CPU',65.0,'2022-09-17 19:19:52.952746',1);
INSERT INTO "copy_table" VALUES(16,'CPU',77.0,'2022-09-17 19:19:52.958742',0);
INSERT INTO "copy_table" VALUES(17,'Mouse',85.0,'2022-09-17 19:19:52.966737',1);
INSERT INTO "copy_table" VALUES(18,'Mouse',78.0,'2022-09-17 19:19:52.977730',1);
INSERT INTO "copy_table" VALUES(19,'Monitor',71.0,'2022-09-17 19:19:52.991722',1);
INSERT INTO "copy_table" VALUES(20,'Teclado',79.0,'2022-09-17 19:19:52.999717',0);
INSERT INTO "copy_table" VALUES(21,NULL,94.0,'2022-09-17 19:19:52.735882',0);
INSERT INTO "copy_table" VALUES(22,NULL,68.0,'2022-09-17 19:19:52.740877',0);
INSERT INTO "copy_table" VALUES(23,NULL,62.0,'2022-09-17 19:19:52.848811',0);
INSERT INTO "copy_table" VALUES(24,NULL,63.0,'2022-09-17 19:19:52.869798',0);
INSERT INTO "copy_table" VALUES(25,NULL,96.0,'2022-09-17 19:19:52.879792',0);
INSERT INTO "copy_table" VALUES(26,NULL,91.0,'2022-09-17 19:19:52.888786',0);
INSERT INTO "copy_table" VALUES(27,NULL,55.0,'2022-09-17 19:19:52.899780',0);
INSERT INTO "copy_table" VALUES(28,NULL,64.0,'2022-09-17 19:19:52.909773',1);
INSERT INTO "copy_table" VALUES(29,NULL,97.0,'2022-09-17 19:19:52.924764',1);
INSERT INTO "copy_table" VALUES(30,NULL,89.0,'2022-09-17 19:19:52.932760',0);
INSERT INTO "copy_table" VALUES(31,NULL,51.0,'2022-09-17 19:19:52.938754',0);
INSERT INTO "copy_table" VALUES(32,NULL,96.0,'2022-09-17 19:19:52.943751',0);
INSERT INTO "copy_table" VALUES(33,NULL,65.0,'2022-09-17 19:19:52.952746',1);
INSERT INTO "copy_table" VALUES(34,NULL,77.0,'2022-09-17 19:19:52.958742',0);
INSERT INTO "copy_table" VALUES(35,NULL,85.0,'2022-09-17 19:19:52.966737',1);
INSERT INTO "copy_table" VALUES(36,NULL,78.0,'2022-09-17 19:19:52.977730',1);
INSERT INTO "copy_table" VALUES(37,NULL,79.0,'2022-09-17 19:19:52.999717',0);
CREATE TABLE "old_table"(
  ID INT,
  Produto TEXT,
  Valor REAL,
  Data NUM,
  Vendido NUM
);
INSERT INTO "old_table" VALUES(1,'Teclado',94.0,'2022-09-17 19:19:52.735882',0);
INSERT INTO "old_table" VALUES(2,'Teclado',68.0,'2022-09-17 19:19:52.740877',0);
INSERT INTO "old_table" VALUES(3,'Monitor',50.0,'2022-09-17 19:19:52.785850',1);
INSERT INTO "old_table" VALUES(4,'Mouse',62.0,'2022-09-17 19:19:52.848811',0);
INSERT INTO "old_table" VALUES(5,'Monitor',74.0,'2022-09-17 19:19:52.858805',1);
INSERT INTO "old_table" VALUES(6,'Mouse',63.0,'2022-09-17 19:19:52.869798',0);
INSERT INTO "old_table" VALUES(7,'CPU',96.0,'2022-09-17 19:19:52.879792',0);
INSERT INTO "old_table" VALUES(8,'Mouse',91.0,'2022-09-17 19:19:52.888786',0);
INSERT INTO "old_table" VALUES(9,'CPU',55.0,'2022-09-17 19:19:52.899780',0);
INSERT INTO "old_table" VALUES(10,'CPU',64.0,'2022-09-17 19:19:52.909773',1);
INSERT INTO "old_table" VALUES(11,'Teclado',97.0,'2022-09-17 19:19:52.924764',1);
INSERT INTO "old_table" VALUES(12,'Mouse',89.0,'2022-09-17 19:19:52.932760',0);
INSERT INTO "old_table" VALUES(13,'Teclado',51.0,'2022-09-17 19:19:52.938754',0);
INSERT INTO "old_table" VALUES(14,'Teclado',96.0,'2022-09-17 19:19:52.943751',0);
INSERT INTO "old_table" VALUES(15,'CPU',65.0,'2022-09-17 19:19:52.952746',1);
INSERT INTO "old_table" VALUES(16,'CPU',77.0,'2022-09-17 19:19:52.958742',0);
INSERT INTO "old_table" VALUES(17,'Mouse',85.0,'2022-09-17 19:19:52.966737',1);
INSERT INTO "old_table" VALUES(18,'Mouse',78.0,'2022-09-17 19:19:52.977730',1);
INSERT INTO "old_table" VALUES(19,'Monitor',71.0,'2022-09-17 19:19:52.991722',1);
INSERT INTO "old_table" VALUES(20,'Teclado',79.0,'2022-09-17 19:19:52.999717',0);
CREATE TABLE random_table(ID INTEGER PRIMARY KEY AUTOINCREMENT NOT NULL, Produto TEXT, Valor REAL, Data DATE, Vendido BIT NOT NULL);
INSERT INTO "random_table" VALUES(1,'Teclado',94.0,'2022-09-17 19:19:52.735882',0);
INSERT INTO "random_table" VALUES(4,'Mouse',62.0,'2022-09-17 19:19:52.848811',0);
INSERT INTO "random_table" VALUES(5,'Monitor',74.0,'2022-09-17 19:19:52.858805',1);
INSERT INTO "random_table" VALUES(6,'Mouse',63.0,'2022-09-17 19:19:52.869798',0);
INSERT INTO "random_table" VALUES(7,'CPU',96.0,'2022-09-17 19:19:52.879792',0);
INSERT INTO "random_table" VALUES(8,'Mouse',91.0,'2022-09-17 19:19:52.888786',0);
INSERT INTO "random_table" VALUES(10,'CPU',64.0,'2022-09-17 19:19:52.909773',1);
INSERT INTO "random_table" VALUES(11,'Teclado',97.0,'2022-09-17 19:19:52.924764',1);
INSERT INTO "random_table" VALUES(12,'Mouse',89.0,'2022-09-17 19:19:52.932760',0);
INSERT INTO "random_table" VALUES(14,'Teclado',96.0,'2022-09-17 19:19:52.943751',0);
INSERT INTO "random_table" VALUES(15,'CPU',65.0,'2022-09-17 19:19:52.952746',1);
INSERT INTO "random_table" VALUES(16,'CPU',77.0,'2022-09-17 19:19:52.958742',0);
INSERT INTO "random_table" VALUES(17,'Mouse',85.0,'2022-09-17 19:19:52.966737',1);
INSERT INTO "random_table" VALUES(18,'Mouse',78.0,'2022-09-17 19:19:52.977730',1);
INSERT INTO "random_table" VALUES(19,'Monitor',71.0,'2022-09-17 19:19:52.991722',1);
INSERT INTO "random_table" VALUES(20,'Teclado',79.0,'2022-09-17 19:19:52.999717',0);
INSERT INTO "random_table" VALUES(21,'CPU',91.0,'2022-09-03 16:26:28.564400',1);
INSERT INTO "random_table" VALUES(22,'CPU',120.0,'2022-09-03 16:26:28.564400',0);
INSERT INTO "random_table" VALUES(28,NULL,120.0,'2022-09-03 16:26:28.564400',0);
DELETE FROM "sqlite_sequence";
INSERT INTO "sqlite_sequence" VALUES('random_table',28);
INSERT INTO "sqlite_sequence" VALUES('child_table',30);
INSERT INTO "sqlite_sequence" VALUES('copy_table',37);
COMMIT;
